# sql

## VIEW
- select文のエイリアスを保存できる
- テーブルを作りより、ハードディスクの容量を節約できる（select文を保存するだけだから）

## サブクエリ
- 多重のselect
```
shop=# select shohin_bunrui, cnt_shohin
shop-# from (select shohin_bunrui, count(*) as cnt_shohin
shop(# from shohin
shop(# group by shohin_bunrui) as shohin_sum;
 shohin_bunrui | cnt_shohin 
---------------+------------
 キッチン用品  |          4
 衣服          |          2
 事務用品      |          2
(3 rows)
```
#### 実行順
1. サブクエリが実行される  
```
shop-# from (select shohin_bunrui, count(*) as cnt_shohin
shop(# from shohin
shop(# group by shohin_bunrui)
```
2. 1の結果に対して外側のクエリが実行される

#### サブクエリにも名前をつける必要がある
```
shop(# group by shohin_bunrui) as shohin_sum;
```

## スカラ・サブクエリ
- スカラ　＝　単一の
- 戻り地が単一の値となるサブクエリ
```
shop=# select shohin_id, shohin_mei, hanbai_tanka
from shohin
where hanbai_tanka < (select avg(hanbai_tanka) from shohin);
 shohin_id |  shohin_mei  | hanbai_tanka 
-----------+--------------+--------------
 0001      | Tシャツ      |         1000
 0002      | 穴あけパンチ |          500
 0006      | フォーク     |          500
 0007      | おろしがね   |          880
 0008      | ボールペン   |          100
(5 rows)
```
- hanbai_tankaの平均値が求められる
```
(select avg(hanbai_tanka) from shohin)
```
#### 実行順
サブクエリ ⇛　外側のクエリ

## 相関サブクエリ
- 例題：分類ごとの平均販売単価より高い商品を一文で抽出する
```
shop=# select shohin_bunrui, shohin_mei, hanbai_tanka
shop-# from shohin as s1
shop-# where hanbai_tanka > (select avg(hanbai_tanka)
shop(# from shohin as s2
shop(# where s1.shohin_bunrui = s2.shohin_bunrui #①
shop(# group by shohin_bunrui);
 shohin_bunrui |   shohin_mei   | hanbai_tanka 
---------------+----------------+--------------
 事務用品      | 穴あけパンチ   |          500
 衣服          | カッターシャツ |         4000
 キッチン用品  | 包丁           |         3000
 キッチン用品  | 圧力鍋         |         6800
(4 rows)
```
- ① 同じ商品分類内で、商品の販売単価と商品分類の平均単価を比較する
- 比較対象が同じテーブルの場合は、別名をつける。（例：s1とか）
- サブクエリ内のs2はサブクエリ内でしか生存しない　⇛　where句をサブクエリ外に出すとエラーになる

## 復習

#### 正解
```
select shohin_id, shohin_mei, shohin_bunrui, hanbai_tanka, (select avg(hanbai_tanka) from shohin) as hanbai_tanka_all
from shohin;
 shohin_id |   shohin_mei   | shohin_bunrui | hanbai_tanka |   hanbai_tanka_all    
-----------+----------------+---------------+--------------+-----------------------
 0001      | Tシャツ        | 衣服          |         1000 | 2097.5000000000000000
 0002      | 穴あけパンチ   | 事務用品      |          500 | 2097.5000000000000000
 0003      | カッターシャツ | 衣服          |         4000 | 2097.5000000000000000
 0004      | 包丁           | キッチン用品  |         3000 | 2097.5000000000000000
 0005      | 圧力鍋         | キッチン用品  |         6800 | 2097.5000000000000000
 0006      | フォーク       | キッチン用品  |          500 | 2097.5000000000000000
 0007      | おろしがね     | キッチン用品  |          880 | 2097.5000000000000000
 0008      | ボールペン     | 事務用品      |          100 | 2097.5000000000000000
(8 rows)
```

#### 間違え
```
shop=# select shohin_id, shohin_mei, shohin_bunrui, hanbai_tanka, avg(hanbai_tanka) as hanbai_tanka_all
from shohin;
```
- 集約キー(ここで言うavg)に対して複数の値が存在する列をselect列に含めることは不可能
- そのため正解のようにサブクエリを使用する

## 集合演算
### テーブルの足し算 = UNION
### 集合演算子の注意事項
- 重複業は削除される。(表示したい場合は all オプションをつける)
- 演算対象となるレコードの列数は同数。データ型も一致させる
- order by句は最後に一つ
### テーブルの共通部分の出力　＝　INTERSECT
### レコードの引き算 = EXCEPT
```
shop=# SELECT shohin_id, shohin_mei
from shohin
except   
select shohin_id, shohin_mei
from shohin2
order by shohin_id;
 shohin_id | shohin_mei 
-----------+------------
 0004      | 包丁
 0005      | 圧力鍋
 0006      | フォーク
 0007      | おろしがね
 0008      | ボールペン
(5 rows)

shop=# SELECT shohin_id, shohin_mei
from shohin2
except
select shohin_id, shohin_mei
from shohin 
order by shohin_id;
 shohin_id | shohin_mei 
-----------+------------
 0009      | 手袋
 0010      | やかん
(2 rows)
```
- どちらからどちらを引くかで結果が異なる

## 結合
- 別のテーブルから列を持ってきて「列を増やす」操作
### 内部結合 = INNERJOIN
```
shop=# select ts.tenpo_id, ts.tenpo_mei, ts.shohin_id, s.shohin_mei, s.hanbai_tanka
from tenposhohin as ts inner join shohin as s
on ts.shohin_id = s.shohin_id;
 tenpo_id | tenpo_mei | shohin_id |   shohin_mei   | hanbai_tanka 
----------+-----------+-----------+----------------+--------------
 000A     | 東京      | 0001      | Tシャツ        |         1000
 000A     | 東京      | 0002      | 穴あけパンチ   |          500
 000A     | 東京      | 0003      | カッターシャツ |         4000
 000B     | 名古屋    | 0002      | 穴あけパンチ   |          500
 000B     | 名古屋    | 0003      | カッターシャツ |         4000
 000B     | 名古屋    | 0004      | 包丁           |         3000
 000B     | 名古屋    | 0006      | フォーク       |          500
 000B     | 名古屋    | 0007      | おろしがね     |          880
 000C     | 大阪      | 0003      | カッターシャツ |         4000
 000C     | 大阪      | 0004      | 包丁           |         3000
 000C     | 大阪      | 0006      | フォーク       |          500
 000C     | 大阪      | 0007      | おろしがね     |          880
 000D     | 福岡      | 0001      | Tシャツ        |         1000
(13 rows)
```
#### 結合を行うときは、FROM句に複数のテーブルを記述する。
```
from tenposhohin as ts inner join shohin as s
```
#### ON句 = 2つのテーブルを結びつける列（結合キー）を指定する
- FROMとWHEREの間に書く
- 複数の結合キーを指定することも可能。AND、ORを使うことも可能
#### 複数テーブルからSELECTするため、「テーブル」.「列名」の書式で書く
```
select ts.tenpo_id, ts.tenpo_mei, ts.shohin_id, s.shohin_mei, s.hanbai_tanka
```
#### WHERE句等を組み合わせることも可能\
結合された新たなテーブルからwhere句を実行するイメージ
