# sql

### 3つのテーブルの内部結合
```
shop=# select ts.tenpo_id, ts.tenpo_mei, ts.shohin_id, ts.shohin_id, s.shohin_mei, s.hanbai_tanka, zs.zaiko_suryo
from tenposhohin as ts inner join shohin as s
on ts.shohin_id = s.shohin_id
inner join zaikoshohin as zs
on ts.shohin_id = zs.shohin_id
where zs.souko_id = 'S001';
 tenpo_id | tenpo_mei | shohin_id | shohin_id |   shohin_mei   | hanbai_tanka | zaiko_suryo 
----------+-----------+-----------+-----------+----------------+--------------+-------------
 000A     | 東京      | 0001      | 0001      | Tシャツ        |         1000 |           0
 000A     | 東京      | 0002      | 0002      | 穴あけパンチ   |          500 |         120
 000A     | 東京      | 0003      | 0003      | カッターシャツ |         4000 |         200
 000B     | 名古屋    | 0002      | 0002      | 穴あけパンチ   |          500 |         120
 000B     | 名古屋    | 0003      | 0003      | カッターシャツ |         4000 |         200
 000B     | 名古屋    | 0004      | 0004      | 包丁           |         3000 |           3
 000B     | 名古屋    | 0006      | 0006      | フォーク       |          500 |          99
 000B     | 名古屋    | 0007      | 0007      | おろしがね     |          880 |         999
 000C     | 大阪      | 0003      | 0003      | カッターシャツ |         4000 |         200
 000C     | 大阪      | 0004      | 0004      | 包丁           |         3000 |           3
 000C     | 大阪      | 0006      | 0006      | フォーク       |          500 |          99
 000C     | 大阪      | 0007      | 0007      | おろしがね     |          880 |         999
 000D     | 福岡      | 0001      | 0001      | Tシャツ        |         1000 |           0
(13 rows)
```

### 3つのテーブルの外部結合
```
shop=# select ts.tenpo_id, ts.tenpo_mei, ts.shohin_id, ts.shohin_id, s.shohin_mei, s.hanbai_tanka, zs.zaiko_suryo
from tenposhohin as ts right outer join shohin as s
on ts.shohin_id = s.shohin_id
right outer join zaikoshohin as zs
on ts.shohin_id = zs.shohin_id
where zs.souko_id = 'S001';
 tenpo_id | tenpo_mei | shohin_id | shohin_id |   shohin_mei   | hanbai_tanka | zaiko_suryo 
----------+-----------+-----------+-----------+----------------+--------------+-------------
 000A     | 東京      | 0001      | 0001      | Tシャツ        |         1000 |           0
 000A     | 東京      | 0002      | 0002      | 穴あけパンチ   |          500 |         120
 000A     | 東京      | 0003      | 0003      | カッターシャツ |         4000 |         200
 000B     | 名古屋    | 0002      | 0002      | 穴あけパンチ   |          500 |         120
 000B     | 名古屋    | 0003      | 0003      | カッターシャツ |         4000 |         200
 000B     | 名古屋    | 0004      | 0004      | 包丁           |         3000 |           3
 000B     | 名古屋    | 0006      | 0006      | フォーク       |          500 |          99
 000B     | 名古屋    | 0007      | 0007      | おろしがね     |          880 |         999
 000C     | 大阪      | 0003      | 0003      | カッターシャツ |         4000 |         200
 000C     | 大阪      | 0004      | 0004      | 包丁           |         3000 |           3
 000C     | 大阪      | 0006      | 0006      | フォーク       |          500 |          99
 000C     | 大阪      | 0007      | 0007      | おろしがね     |          880 |         999
 000D     | 福岡      | 0001      | 0001      | Tシャツ        |         1000 |           0
          |           |           |           |                |              |         200
          |           |           |           |                |              |           0
(15 rows)
```

## ウィンドウ関数
- ウィンドウ関数 () over ( parttion by　列リスト order by ソート用列リスト )
### RANK関数
- parttion byでshohin_bunrui毎に区切っている
- order by で縦方向に順位付け
```
shop=# select shohin_mei, shohin_bunrui, hanbai_tanka,
rank() over (partition by shohin_bunrui
order by hanbai_tanka desc) as ranking
from shohin;
   shohin_mei   | shohin_bunrui | hanbai_tanka | ranking 
----------------+---------------+--------------+---------
 圧力鍋         | キッチン用品  |         6800 |       1
 包丁           | キッチン用品  |         3000 |       2
 おろしがね     | キッチン用品  |          880 |       3
 フォーク       | キッチン用品  |          500 |       4
 穴あけパンチ   | 事務用品      |          500 |       1
 ボールペン     | 事務用品      |          100 |       2
 カッターシャツ | 衣服          |         4000 |       1
 Tシャツ        | 衣服          |         1000 |       2
(8 rows)
```
- parttion byは必須ではない
```
shop=# 
shop=# 
shop=# select shohin_mei, shohin_bunrui, hanbai_tanka,
rank() over (order by hanbai_tanka desc) as ranking
from shohin;
   shohin_mei   | shohin_bunrui | hanbai_tanka | ranking 
----------------+---------------+--------------+---------
 圧力鍋         | キッチン用品  |         6800 |       1
 カッターシャツ | 衣服          |         4000 |       2
 包丁           | キッチン用品  |         3000 |       3
 Tシャツ        | 衣服          |         1000 |       4
 おろしがね     | キッチン用品  |          880 |       5
 穴あけパンチ   | 事務用品      |          500 |       6
 フォーク       | キッチン用品  |          500 |       6
 ボールペン     | 事務用品      |          100 |       8
(8 rows)
```

### ウィンドウ関数について
- ウィンドウ専用関数は引数を取らないため、常に（）中はからっぽ
- 使える場所はselect句のみ。理由は処理が終わった結果に対して作用するため。
```
select shohin_id, shohin_mei, hanbai_tanka,
sum (hanbai_tanka) over (order by shohin_id rows between 1 preceding and 1 following) as current_sum
from shohin;
 shohin_id |   shohin_mei   | hanbai_tanka | current_sum 
-----------+----------------+--------------+-------------
 0001      | Tシャツ        |         1000 |        1500
 0002      | 穴あけパンチ   |          500 |        5500
 0003      | カッターシャツ |         4000 |        7500
 0004      | 包丁           |         3000 |       13800
 0005      | 圧力鍋         |         6800 |       10300
 0006      | フォーク       |          500 |        8180
 0007      | おろしがね     |          880 |        1480
 0008      | ボールペン     |          100 |         980
(8 rows)
```

```
sum (hanbai_tanka) over (order by shohin_id rows between 1 preceding and 1 following) as current_sum
```
- 前後１行のhanbai_tankaをsumするという意味になる
- rouw 行
- preceding 前
- followomg 後

## grouping関数
### rollup
- 合計・小計を一度に求められる便利な道具
- 集約キーにはデフォルトでNULLが使用される。
```
shop=# select shohin_bunrui, torokubi, sum(hanbai_tanka)
from shohin
group by rollup (shohin_bunrui,torokubi) ;
 shohin_bunrui |  torokubi  |  sum  
---------------+------------+-------
               |            | 16780
 衣服          |            |  4000
 キッチン用品  | 2009-01-15 |  6800
 衣服          | 2009-09-20 |  1000
 キッチン用品  | 2008-04-28 |   880
 事務用品      | 2009-11-11 |   100
 事務用品      | 2009-09-11 |   500
 キッチン用品  | 2009-09-20 |  3500
 キッチン用品  |            | 11180
 衣服          |            |  5000
 事務用品      |            |   600
(11 rows)
```

- 上記だとNULLが判別出来ない。以下のようにするとNULLに値を埋められる。
```
shop=# select grouping(shohin_bunrui) as shohin_bunrui,
grouping(torokubi) as torokubi, sum(hanbai_tanka) as sum_tanka
shop-# from shohin
shop-# group by rollup(shohin_bunrui, torokubi);
 shohin_bunrui | torokubi | sum_tanka 
---------------+----------+-----------
             1 |        1 |     16780
             0 |        0 |      4000
             0 |        0 |      6800
             0 |        0 |      1000
             0 |        0 |       880
             0 |        0 |       100
             0 |        0 |       500
             0 |        0 |      3500
             0 |        1 |     11180
             0 |        1 |      5000
             0 |        1 |       600
(11 rows)

shop=# 
shop=# select case when grouping(shohin_bunrui) = 1
shop-# then '商品分類 合計'
shop-# else shohin_bunrui end as shohin_bunrui,
shop-# case when grouping(torokubi) = 1
shop-# then '登録日 合計'
shop-# else cast (torokubi as varchar(16)) end as torokubi,
shop-# sum(hanbai_tanka) as sum_tanka
shop-# from shohin
shop-# group by rollup(shohin_bunrui, torokubi);
 shohin_bunrui |  torokubi   | sum_tanka 
---------------+-------------+-----------
 商品分類 合計 | 登録日 合計 |     16780
 衣服          |             |      4000
 キッチン用品  | 2009-01-15  |      6800
 衣服          | 2009-09-20  |      1000
 キッチン用品  | 2008-04-28  |       880
 事務用品      | 2009-11-11  |       100
 事務用品      | 2009-09-11  |       500
 キッチン用品  | 2009-09-20  |      3500
 キッチン用品  | 登録日 合計 |     11180
 衣服          | 登録日 合計 |      5000
 事務用品      | 登録日 合計 |       600
(11 rows)
```
