# sql

## HAVING句
- 集合（グループ）に対する条件指定
```
shop=# SELECT shohin_bunrui,COUNT(*)
shop-# FROM shohin
shop-# GROUP BY shohin_bunrui
shop-# HAVING COUNT(*) = 2;
 shohin_bunrui | count 
---------------+-------
 衣服          |     2
 事務用品      |     2
(2 rows)
```
#### HAVING句に書くことができる要素
- 定数
- 集約関数
- GROUP　BY句で指定した列名

#### 条件指定
- 行に対する条件指定 = WHERE
- 集合に対する条件指定　＝ GROUP BY

## 検索結果を並び替える
### ORDER BY
- 並び替えを行う
- select文の最後に書く ⇛　最後に実行されるため
```
select shohin_id, shohin_mei, hanbai_tanka, shiire_tanka
from shohin
order by shohin_id;
 shohin_id |   shohin_mei   | hanbai_tanka | shiire_tanka 
-----------+----------------+--------------+--------------
 0001      | Tシャツ        |         1000 |          500
 0002      | 穴あけパンチ   |          500 |          320
 0003      | カッターシャツ |         4000 |         2800
 0004      | 包丁           |         3000 |         2800
 0005      | 圧力鍋         |         6800 |         5000
 0006      | フォーク       |          500 |             
 0007      | おろしがね     |          880 |          790
 0008      | ボールペン     |          100 |             
(8 rows)
```
- 複数のソート
```
shop=# select shohin_id, shohin_mei, hanbai_tanka, shiire_tanka
from shohin
order by hanbai_tanka,shohin_id;
 shohin_id |   shohin_mei   | hanbai_tanka | shiire_tanka 
-----------+----------------+--------------+--------------
 0008      | ボールペン     |          100 |             
 0002      | 穴あけパンチ   |          500 |          320
 0006      | フォーク       |          500 |             
 0007      | おろしがね     |          880 |          790
 0001      | Tシャツ        |         1000 |          500
 0004      | 包丁           |         3000 |         2800
 0003      | カッターシャツ |         4000 |         2800
 0005      | 圧力鍋         |         6800 |         5000
(8 rows)
```
- nullは先頭か末尾にまとめて出力される

- 別名も利用できる
- 実行順 : FROM→WHERE→GROUPBY→HAVING→SELECT→ORDERBY
```
select shohin_id, shohin_mei, hanbai_tanka as ht, shiire_tanka
from shohin
order by ht,shohin_id;
 shohin_id |   shohin_mei   |  ht  | shiire_tanka 
-----------+----------------+------+--------------
 0008      | ボールペン     |  100 |             
 0002      | 穴あけパンチ   |  500 |          320
 0006      | フォーク       |  500 |             
 0007      | おろしがね     |  880 |          790
 0001      | Tシャツ        | 1000 |          500
 0004      | 包丁           | 3000 |         2800
 0003      | カッターシャツ | 4000 |         2800
 0005      | 圧力鍋         | 6800 |         5000
(8 rows)
```

### 他のテーブルからデータをコピーする
- データのバックアップを取るような場合に使える
```
shop=# insert into shohincopy
shop-# (shohin_id, shohin_mei, shohin_bunrui, hanbai_tanka, shiire_tanka, torokubi)
shop-# select shohin_id, shohin_mei, shohin_bunrui, hanbai_tanka, shiire_tanka, torokubi
shop-# from shohin;
INSERT 0 8
shop=# select * from shohincopy;
 shohin_id |   shohin_mei   | shohin_bunrui | hanbai_tanka | shiire_tanka |  torokubi  
-----------+----------------+---------------+--------------+--------------+------------
 0001      | Tシャツ        | 衣服          |         1000 |          500 | 2009-09-20
 0002      | 穴あけパンチ   | 事務用品      |          500 |          320 | 2009-09-11
 0003      | カッターシャツ | 衣服          |         4000 |         2800 | 
 0004      | 包丁           | キッチン用品  |         3000 |         2800 | 2009-09-20
 0005      | 圧力鍋         | キッチン用品  |         6800 |         5000 | 2009-01-15
 0006      | フォーク       | キッチン用品  |          500 |              | 2009-09-20
 0007      | おろしがね     | キッチン用品  |          880 |          790 | 2008-04-28
 0008      | ボールペン     | 事務用品      |          100 |              | 2009-11-11
(8 rows)
```



